{
    "total_runtime": 304.29607915878296,
    "num_documents": 2,
    "input_load_time": 0,
    "workflows": {
        "create_base_text_units": {
            "overall": 0.16037392616271973,
            "0_orderby": 0.0032761096954345703,
            "1_zip": 0.0026700496673583984,
            "2_aggregate_override": 0.004384040832519531,
            "3_chunk": 0.12239885330200195,
            "4_select": 0.003785848617553711,
            "5_unroll": 0.005053043365478516,
            "6_rename": 0.0018088817596435547,
            "7_genid": 0.0024449825286865234,
            "8_unzip": 0.002229928970336914,
            "9_copy": 0.0022728443145751953,
            "10_filter": 0.008810997009277344
        },
        "create_base_extracted_entities": {
            "overall": 73.78059101104736,
            "0_entity_extract": 73.73230314254761,
            "1_snapshot": 0.011608123779296875,
            "2_merge_graphs": 0.02992105484008789,
            "3_snapshot_rows": 0.004323005676269531
        },
        "create_summarized_entities": {
            "overall": 17.831703186035156,
            "0_summarize_descriptions": 17.821420669555664,
            "1_snapshot_rows": 0.007375955581665039
        },
        "create_base_entity_graph": {
            "overall": 0.07113480567932129,
            "0_cluster_graph": 0.05386686325073242,
            "1_snapshot_rows": 0.005304098129272461,
            "2_snapshot_rows": 0.004659891128540039,
            "3_select": 0.0042057037353515625
        },
        "create_final_entities": {
            "overall": 93.14371395111084,
            "0_unpack_graph": 0.08377885818481445,
            "1_rename": 0.00735020637512207,
            "2_select": 0.004086971282958984,
            "3_dedupe": 0.0065310001373291016,
            "4_rename": 0.005937814712524414,
            "5_filter": 0.011811256408691406,
            "6_text_split": 0.005810976028442383,
            "7_drop": 0.005399942398071289,
            "8_merge": 0.01679086685180664,
            "9_text_embed": 92.96160411834717,
            "10_drop": 0.01058197021484375,
            "11_filter": 0.02016901969909668
        },
        "create_final_nodes": {
            "overall": 0.2006537914276123,
            "0_layout_graph": 0.06224679946899414,
            "1_unpack_graph": 0.022932052612304688,
            "2_unpack_graph": 0.027557849884033203,
            "3_filter": 0.014566898345947266,
            "4_drop": 0.006471157073974609,
            "5_select": 0.006518840789794922,
            "6_snapshot": 0.006494998931884766,
            "7_rename": 0.006417751312255859,
            "8_convert": 0.02367091178894043,
            "9_join": 0.010711193084716797,
            "10_rename": 0.007503032684326172
        },
        "create_final_communities": {
            "overall": 0.054902076721191406,
            "0_create_final_communities": 0.04866194725036621
        },
        "create_final_relationships": {
            "overall": 0.04983186721801758,
            "0_create_final_relationships_pre_embedding": 0.024401187896728516,
            "1_create_final_relationships_post_embedding": 0.01871204376220703
        },
        "create_final_text_units": {
            "overall": 0.028291940689086914,
            "0_create_final_text_units_pre_embedding": 0.013135194778442383,
            "1_select": 0.008300065994262695
        },
        "create_final_community_reports": {
            "overall": 117.37110304832458,
            "0_prepare_community_reports_nodes": 0.010464191436767578,
            "1_prepare_community_reports_edges": 0.011377811431884766,
            "2_restore_community_hierarchy": 0.010747909545898438,
            "3_prepare_community_reports": 0.0933067798614502,
            "4_create_community_reports": 117.22054886817932,
            "5_window": 0.017002105712890625
        },
        "create_base_documents": {
            "overall": 0.10752415657043457,
            "0_unroll": 0.008790016174316406,
            "1_select": 0.009319067001342773,
            "2_rename": 0.009107828140258789,
            "3_join": 0.011063098907470703,
            "4_aggregate_override": 0.010531902313232422,
            "5_join": 0.01195526123046875,
            "6_rename": 0.009469985961914062,
            "7_convert": 0.029277801513671875
        },
        "create_final_documents": {
            "overall": 0.019876956939697266,
            "0_rename": 0.011105060577392578
        }
    }
}