{
    "total_runtime": 282.8463020324707,
    "num_documents": 1,
    "input_load_time": 0,
    "workflows": {
        "create_base_text_units": {
            "overall": 0.13662290573120117,
            "0_orderby": 0.0030405521392822266,
            "1_zip": 0.0016388893127441406,
            "2_aggregate_override": 0.0035729408264160156,
            "3_chunk": 0.10503387451171875,
            "4_select": 0.002201080322265625,
            "5_unroll": 0.002972126007080078,
            "6_rename": 0.0020809173583984375,
            "7_genid": 0.0019469261169433594,
            "8_unzip": 0.002415895462036133,
            "9_copy": 0.00214385986328125,
            "10_filter": 0.008393049240112305
        },
        "create_base_extracted_entities": {
            "overall": 168.5199728012085,
            "0_entity_extract": 168.49246907234192,
            "1_snapshot": 0.007035970687866211,
            "2_merge_graphs": 0.013879060745239258,
            "3_snapshot_rows": 0.004225015640258789
        },
        "create_summarized_entities": {
            "overall": 0.01789999008178711,
            "0_summarize_descriptions": 0.008376836776733398,
            "1_snapshot_rows": 0.006484031677246094
        },
        "create_base_entity_graph": {
            "overall": 0.0281679630279541,
            "0_cluster_graph": 0.013373851776123047,
            "1_snapshot_rows": 0.0041086673736572266,
            "2_snapshot_rows": 0.003677845001220703,
            "3_select": 0.0038089752197265625
        },
        "create_final_entities": {
            "overall": 0.9022300243377686,
            "0_unpack_graph": 0.004445075988769531,
            "1_rename": 0.005126953125,
            "2_select": 0.008285999298095703,
            "3_dedupe": 0.004660129547119141,
            "4_rename": 0.005238056182861328,
            "5_filter": 0.011128902435302734,
            "6_text_split": 0.005053281784057617,
            "7_drop": 0.0046939849853515625,
            "8_merge": 0.005673885345458984,
            "9_text_embed": 0.8188848495483398,
            "10_drop": 0.008208036422729492,
            "11_filter": 0.01714611053466797
        },
        "create_final_nodes": {
            "overall": 0.11674308776855469,
            "0_layout_graph": 0.010480880737304688,
            "1_unpack_graph": 0.0068509578704833984,
            "2_unpack_graph": 0.006066083908081055,
            "3_filter": 0.016814231872558594,
            "4_drop": 0.007109165191650391,
            "5_select": 0.006247043609619141,
            "6_snapshot": 0.0069539546966552734,
            "7_rename": 0.006231069564819336,
            "8_join": 0.010158061981201172,
            "9_convert": 0.027441978454589844,
            "10_rename": 0.00731968879699707
        },
        "create_final_communities": {
            "overall": 0.02158498764038086,
            "0_create_final_communities": 0.014236211776733398
        },
        "create_final_relationships": {
            "overall": 0.023691177368164062,
            "0_create_final_relationships_pre_embedding": 0.007570028305053711,
            "1_create_final_relationships_post_embedding": 0.009632110595703125
        },
        "create_final_text_units": {
            "overall": 0.02718520164489746,
            "0_create_final_text_units_pre_embedding": 0.012830972671508789,
            "1_select": 0.0075550079345703125
        },
        "create_final_community_reports": {
            "overall": 111.27936792373657,
            "0_prepare_community_reports_nodes": 0.008471012115478516,
            "1_prepare_community_reports_edges": 0.008171796798706055,
            "2_restore_community_hierarchy": 0.008611917495727539,
            "3_prepare_community_reports": 0.018578290939331055,
            "4_create_community_reports": 111.2166838645935,
            "5_window": 0.011104106903076172
        },
        "create_base_documents": {
            "overall": 0.15317606925964355,
            "0_unroll": 0.015280961990356445,
            "1_select": 0.014508962631225586,
            "2_rename": 0.013256311416625977,
            "3_join": 0.014813899993896484,
            "4_aggregate_override": 0.012827157974243164,
            "5_join": 0.017477989196777344,
            "6_rename": 0.012412786483764648,
            "7_convert": 0.02756190299987793
        },
        "create_final_documents": {
            "overall": 0.02621912956237793,
            "0_rename": 0.012543916702270508
        }
    }
}